Métrica,Threshold 0.5,Threshold Óptimo,Mejora
Balanced Accuracy,0.9493835941204363,0.9652382645803699,0.015854670459933606
Accuracy,0.9745042492917847,0.9773371104815864,0.0028328611898017497
Precision (Yes),0.9285714285714286,0.9152542372881356,-0.013317191283293006
Recall (Yes),0.9122807017543859,0.9473684210526315,0.03508771929824561
F1-Score (Yes),0.9203539823008849,0.9310344827586207,0.01068050045773572
AUC-ROC,0.9763068990042673,0.9763068990042673,0.0
