Métrica,Con SMOTE
Balanced Accuracy,0.9466868183973447
Accuracy,0.9759206798866855
Precision (Yes),0.944954128440367
Recall (Yes),0.9035087719298246
F1-Score (Yes),0.9237668161434978
AUC-ROC,0.9758771929824563
