Métrica,Con SMOTE
Balanced Accuracy,0.9598447131341868
Accuracy,0.9801699716713881
Precision (Yes),0.9464285714285714
Recall (Yes),0.9298245614035088
F1-Score (Yes),0.9380530973451328
AUC-ROC,0.9764847083926033
